user_id,email,password,handle
1,jraycroft0@friendfeed.com,"yV3""N%",ghanigan0
2,fduer1@google.com.hk,oI9#OHsJ*%yP,jmuress1
3,kdunbavin2@columbia.edu,yJ2@i(xl|Y,bfeighry2
4,dgilbeart3@marketwatch.com,cU7`'%c',shallibone3
5,dverrall4@surveymonkey.com,cG7('@$VSIXy,dwims4
6,dwalas5@xrea.com,cF8)|f9,sbulloch5
7,gwillbraham6@ebay.com,sN0#{PAcmk,jgiacomozzo6
8,olunny7@weibo.com,"nD3$ewL""YM",afinlator7
9,ldewolfe8@unesco.org,nZ9{K2!O\0(f,ltownshend8
10,egawith9@tinyurl.com,oU2$F?4=mg}),scockrell9
11,cgoodgea@fastcompany.com,hV3?uHci,jschorodera
12,fchafneyb@bigcartel.com,pE7#RA7%,vflaundersb
13,gbriertonc@arizona.edu,tT0`&+hJ\i,kbustc
14,froadd@booking.com,"fC9<,fYfC*Y",siggod
15,igilsone@hc360.com,"bV8""EH$",adobiee
16,wwynef@cdc.gov,nK3&D?H@@\<`,obengoecheaf
17,fkernarg@utexas.edu,"cA3,c2m9U$5",gcopestickg
18,lfaunchh@miibeian.gov.cn,nU9>TB,jauklandh
19,kjellicoi@wikipedia.org,gS0?W9,mwarlowi
20,rvicarj@live.com,eM3%.Y}f1,ctindallj
21,bsuttonk@wp.com,wR9>Ae,ccayettek
22,hmechil@jigsy.com,pG6$q@qnD~Ay,sskenel
23,lgolderm@skyrock.com,uB2|p}$o,ftimmonsm
24,jcordeixn@tamu.edu,xS5'xyqP,lguideran
25,amarietteo@topsy.com,"vS7,u7F""`",tovernello
26,kkilgourp@answers.com,cZ8(uP0,kchampkenp
27,tspurgeq@ovh.net,"nI3)J959G,",tfernandesq
28,thaleyr@canalblog.com,zH8%/!/)(,ekasbyer
29,cwaterworths@miibeian.gov.cn,"hB8%5%W,j!cC",mgathers
30,gedont@java.com,uV5&O0t,balowayt
31,agwinu@jimdo.com,zG3{6=h%6%F,vlazaru
32,lburstonv@sakura.ne.jp,zE2'WiQB,ostellev
33,lgeriw@canalblog.com,xA8!6ZduLlK,cgreaserw
34,rdecourcyx@blogger.com,dB9(FOL,cplomx
35,kcessy@pinterest.com,vE4?.apSFKZ,hferensy
36,craffelsz@list-manage.com,gH0_CC/,hkelledyz
37,bluddy10@liveinternet.ru,"hA6(uO""!M3n",bduckerin10
38,mcharlwood11@ted.com,bZ2\!n%!*LF,scholmondeley11
39,mraiston12@freewebs.com,vC5+3.$T''Ty,lmannix12
40,ckitchinghan13@joomla.org,"bY3~qBq`/Q,&",fdymick13
41,bperris14@mlb.com,dT7`OQzLf_m,mbaytrop14
42,rriches15@yandex.ru,"cK9,$>D0rWK",amucklow15
43,cbletcher16@issuu.com,"eO2""/p*Wd&A_",jlivsey16
44,mmcgeneay17@prlog.org,qP0+Cd4Ztz,tmarrows17
45,cburbank18@xrea.com,"zA1|d53,W",gceyssen18
46,kosgood19@hostgator.com,jF6&REv,apasticznyk19
47,fowain1a@acquirethisname.com,wR9_sNqe0M5,ngoodrich1a
48,clearie1b@mit.edu,iR1&}GJ!y3`,mbootherstone1b
49,rtewelson1c@youtu.be,kM5@SEio),balfwy1c
50,deggleston1d@statcounter.com,jU8'P`,vsammon1d
51,gpirri1e@symantec.com,mU4$4<,lgriswood1e
52,grisby1f@intel.com,iB1\CJd,byashunin1f
53,rblasio1g@slate.com,lY6/W),ocogin1g
54,kfolan1h@tuttocitta.it,"pX1?""9kNf}kB",pcashley1h
55,mrudsdell1i@jimdo.com,zC8~EG5$,rharmour1i
56,lroughley1j@technorati.com,"cV8""EV",drosewarne1j
57,esuscens1k@topsy.com,aB3)th,lhuccaby1k
58,xshyres1l@mac.com,kT8~iJ},minsall1l
59,gwilloughey1m@foxnews.com,xG3@%6')F,bgayden1m
60,nridings1n@geocities.jp,"oJ8_*""u59",gpratty1n
61,bdrain1o@sfgate.com,eD7_Ky4=!,mkees1o
62,kpriestland1p@gov.uk,"rZ9,HDEd",gpointing1p
63,jgrayer1q@mysql.com,bL7'~l,griditch1q
64,jnorthedge1r@fc2.com,eB5=BA&)?p8q,kleadstone1r
65,dgheraldi1s@gnu.org,yN5~9|~SM=E,cbilney1s
66,tstringman1t@4shared.com,aX4<6+tf,semmins1t
67,askingle1u@phpbb.com,"rT4#""U_",trumbellow1u
68,fbittleson1v@patch.com,vG2@Hx,lvicker1v
69,mcotes1w@dot.gov,lJ2#h@o?C?&,bthams1w
70,eoliveira1x@sciencedirect.com,"oP0,y@BD,",rperkins1x
71,kberns1y@cnet.com,"qV7?UU)6G2""",rnockalls1y
72,rsilcocks1z@nyu.edu,aA3&wX|1Qr.m,astockoe1z
73,mkorpolak20@usda.gov,fT3(y#R~p,alangrish20
74,ikeble21@addthis.com,"vZ5>0K*b5""",fbetjeman21
75,ikarchewski22@umich.edu,iB1!qhpT+xp,bdemiranda22
76,cdrance23@hibu.com,fM5}(1'k?,ohighton23
77,mosinin24@thetimes.co.uk,tI8%K8?,bmerrifield24
78,akornas25@princeton.edu,lL4#&l,rcaldera25
79,tdene26@histats.com,bH2<puv98,bsandys26
80,ctyer27@soup.io,tS1)h@G$,ujermyn27
81,atimeby28@hao123.com,nC0`QuI,vlube28
82,hbramont29@mac.com,fJ8|=aNK,hgreason29
83,rwhitebread2a@bigcartel.com,iO1_'n)eB,lclive2a
84,apalek2b@nymag.com,oZ5&jQRo|1s,hgallyhaock2b
85,mlorrimer2c@wix.com,vH5~Z~H,caloway2c
86,tkittley2d@exblog.jp,jK4_aVh,rcotterrill2d
87,dcressey2e@altervista.org,vO4&_dOZJ,ldutson2e
88,krospars2f@wunderground.com,pW0(JyUh_84z,rpiecha2f
89,lclitheroe2g@alexa.com,jX7}A_,wwhellans2g
90,dbarrie2h@wikimedia.org,"qE5._Ba|,j",egoutcher2h
91,aklimschak2i@bluehost.com,"cR5,OBN*",athackham2i
92,ageaveny2j@friendfeed.com,aA6&B&0|,rindgs2j
93,ikemitt2k@arstechnica.com,"nJ5""2S",bprudham2k
94,rmacsorley2l@nps.gov,gW7`EAD,gmacqueen2l
95,hgransden2m@instagram.com,"jX4,=(",tmontel2m
96,khearnshaw2n@biglobe.ne.jp,nN6(EnH,tconrath2n
97,fgeraudy2o@microsoft.com,pN2@d'S\/x8,awoolger2o
98,nball2p@ameblo.jp,lP1|)*,emeeke2p
99,wbogaert2q@xrea.com,cL1{Q(n_7di),ldumini2q
100,mwase2r@qq.com,jV0/F$L%$$,kwrotham2r
101,rjeanin2s@deliciousdays.com,bY6}Si'h(,dranger2s
102,jpourveer2t@parallels.com,wK6?cT,edeboy2t
103,avanoord2u@weather.com,tD8.brzvquKq,jhinchshaw2u
104,gcamm2v@mediafire.com,nW9(UU,greadshaw2v
105,tbotly2w@goo.gl,wT0*M?~(,kzappel2w
106,kphilpotts2x@noaa.gov,"yN0.7""",gmohring2x
107,hairy2y@slashdot.org,"xO5""vdOVz_~",rhadgkiss2y
108,kbeckitt2z@163.com,eL4(Z#,bdutnell2z
109,rbaversor30@weather.com,mG2}|$cCv,tluther30
110,bpyrah31@indiegogo.com,jP8\$k?M,dheeley31
111,drutty32@youtu.be,vV6=au<zHgh,rcaple32
112,dbruckshaw33@ucla.edu,hP9)tYE,ndickerson33
113,mfeldmesser34@google.com.au,gH5*zF_=t/,cmatchitt34
114,jditchburn35@cornell.edu,tZ5~u2,gsantora35
115,apowe36@i2i.jp,oE1#SU7\=.S,pphelp36
116,wissard37@free.fr,xT1>B_d,mcorden37
117,amcquorkel38@123-reg.co.uk,"aV7,LS",gjest38
118,icowp39@homestead.com,yB3<W!>,crafter39
119,mmccuthais3a@artisteer.com,cS4@/XXvY,jdarco3a
120,cbisp3b@pagesperso-orange.fr,xT4(LJF(,lhullett3b
121,ebussen3c@cnet.com,"vE6""x>f4kH$",astobbie3c
122,acordon3d@usnews.com,aP7!PU?,yenoch3d
123,jbignall3e@noaa.gov,iO6(6r,jstarford3e
124,jkybert3f@typepad.com,aD4&`R,tmullally3f
125,zclaige3g@state.tx.us,qB4<44t,dklyner3g
126,gyankeev3h@usa.gov,mW6`JWBm,lhuertas3h
127,jrigglesford3i@unblog.fr,mN7?}}rb3,cblasetti3i
128,kcassedy3j@typepad.com,zJ5'\i(n{+3B,beastway3j
129,spalfrie3k@addthis.com,"gG4{z?,=+1",vgreathead3k
130,leastope3l@walmart.com,"lC4%,,{`G_')",kbroske3l
131,jsanpher3m@123-reg.co.uk,lG6.`Y3Fdo,pandell3m
132,dconstable3n@wix.com,"bG1,GKBs{iZ",lglinde3n
133,fdemkowicz3o@wix.com,mQ9!}&$ReV,qcapper3o
134,kkingsbury3p@walmart.com,vX1~6*x{,mpersian3p
135,rentreis3q@mlb.com,zT7)*nQz,scoldicott3q
136,mheersma3r@51.la,uX4&9G83Fs,cwabersich3r
137,emccard3s@soup.io,"kO2,y9",ndawson3s
138,jfirby3t@imdb.com,hI8<3`!X2P@y,dpitt3t
139,ymcknockiter3u@bigcartel.com,"fQ6'5.@y$""2F",khayes3u
140,dbolton3v@lycos.com,"pW0""FIFKf@_",apittem3v
141,afletcher3w@so-net.ne.jp,yC5}ib3IW,mroutley3w
142,hshellard3x@reddit.com,qN9_k&|btb6|,vmoxley3x
143,kshillabear3y@hp.com,uN1=VF+/,rhaseldine3y
144,rlensch3z@hc360.com,mK2+zSW,csennett3z
145,fcrinkley40@blogspot.com,fR9!4+N,zstonard40
146,jgoodered41@vimeo.com,fT9|#&Dp15as,cmaldin41
147,tsisey42@cloudflare.com,wX1)8Z8,klidierth42
148,pemeney43@tinyurl.com,tT9!!!hlG/46,trackham43
149,byelyashev44@yellowpages.com,kQ3=bugh,keggins44
150,sryley45@stanford.edu,rW8{)Mg,cmetson45
151,egush46@msn.com,"gB5}PHd3""@",hbarnewelle46
152,gcorbishley47@foxnews.com,gO6&T@IV,jattyeo47
153,clongthorne48@blinklist.com,kC5{USV$R,jkill48
154,prigden49@va.gov,gQ3|<Vp8,mboodle49
155,jspellecy4a@boston.com,uY8/OcS!A68,lhayles4a
156,askegg4b@soundcloud.com,fG8*H\)Q\5,fmacfadzean4b
157,cdrohun4c@shareasale.com,oG1$#zQ)Vn!e,zmcalister4c
158,scrimin4d@alexa.com,aB6%u<f}',hmcdyer4d
159,bdigle4e@reuters.com,"iV9""l,IQhk",fflea4e
160,pdax4f@github.io,cF8!r3g,ejentges4f
161,mfisby4g@princeton.edu,yU9%.<xOfD0c,dfettis4g
162,rravenscroft4h@freewebs.com,dU6)MreQBeE,sbabidge4h
163,vmanna4i@amazon.co.uk,yB6~GDFcFZ7+,msapsforde4i
164,dcannicott4j@taobao.com,dV2$clbas@,npadden4j
165,kstreather4k@issuu.com,zT3{barU,tgasquoine4k
166,acheavin4l@indiegogo.com,jI6)4|Y>,sdiruggero4l
167,nboyes4m@geocities.jp,pM5_(R(5,alonie4m
168,dberthe4n@storify.com,mR2~J2,gfisk4n
169,tarnaez4o@bloglines.com,"rU0'~S,L04",dkitchingman4o
170,dkitchingman4p@amazon.co.uk,vP3?V~x,djinks4p
171,cmartonfi4q@statcounter.com,"xQ8/is,<#1V",lgavaghan4q
172,swatterson4r@lulu.com,wH2?xS+<CR=/,polivetti4r
173,cloude4s@columbia.edu,oN2$50#YAv'8,phabin4s
174,rloudwell4t@noaa.gov,jG7)U3Tb+,jscholes4t
175,eadcock4u@myspace.com,sF0>L7,aclines4u
176,dcuttler4v@hostgator.com,hD4?@daW/,sleyman4v
177,ssibery4w@gov.uk,"fN1,p6Lv%",fbrundrett4w
178,jmillar4x@answers.com,vI0|c@zw+Vkb,cmulcahy4x
179,pneller4y@google.com,fI3/IXaaP`gV,favramovic4y
180,lgresley4z@aol.com,rO2)Sz!'E,cmilksop4z
181,igodain50@ucla.edu,mS6%_jKj=,vsancias50
182,lmarriner51@a8.net,cO6/.7s,hstert51
183,jtissington52@usa.gov,"sW6>,TpE",dbeatty52
184,abambery53@weebly.com,eV1?hsNFnS=9,fvlach53
185,edickons54@reverbnation.com,"fP5""H{""8,VqO",ldeabill54
186,ostollard55@about.com,sT2~~iWpkl,apearle55
187,ehaslocke56@scientificamerican.com,cR1?BmY!=xPO,mpresdee56
188,thasluck57@aboutads.info,"rY4?J7,G{",mdaspar57
189,rthurby58@google.nl,jI3}SuHnDo,bjohnstone58
190,pbartelsellis59@rediff.com,bO6>w1h5ye@,bcaesman59
191,cempleton5a@imdb.com,wK4*_Q,fboothe5a
192,agomersal5b@foxnews.com,iR7=7J$`@11,dwortt5b
193,djennens5c@cargocollective.com,iD8%x_<Czj2,pgomm5c
194,jcreek5d@nature.com,kK5*mO%%!,mposkitt5d
195,fsecretan5e@nasa.gov,eC1@L_2)}8<?,jhamner5e
196,kbehnecken5f@networksolutions.com,vK9%p8#*Sc,gpowdrill5f
197,emacak5g@symantec.com,"rI0/#>=E""=",estapleton5g
198,adambrosio5h@netscape.com,fE5}7CEr\P,ccussins5h
199,gbreheny5i@webs.com,"sO6$2,\",ayeldham5i
200,uadel5j@photobucket.com,yV8==.,jmacallaster5j
201,dbigby5k@mysql.com,zV1<W_,gcrosswaite5k
202,kmcinnes5l@constantcontact.com,uX0>D%X,vbirkmyr5l
203,bsimco5m@opera.com,mV9!GI$z,ktidbold5m
204,fmilbourne5n@e-recht24.de,"qI3/g_?""",hleger5n
205,mbrewerton5o@yahoo.co.jp,gG2#DNzJ,shorick5o
206,cbartelli5p@a8.net,wM1|I'WxrDu{,amcconnulty5p
207,rdilland5q@wsj.com,jD6$jO&tH*MB,lpoley5q
208,hhutcheons5r@surveymonkey.com,bI8.WS,fhallsworth5r
209,cpeacocke5s@symantec.com,hP0#{<N,rwallis5s
210,phardwicke5t@goo.ne.jp,sU5'!~p,gfairholm5t
211,mcallington5u@domainmarket.com,"jW5_&e,{",hrowlett5u
212,gmedcraft5v@aol.com,dR8*+cNRRB,ifellow5v
213,adunkerly5w@yellowpages.com,iS4+5mdiNz,rlaflin5w
214,sbradane5x@cbc.ca,mO9&L.H@,rbrandoni5x
215,bwildish5y@digg.com,hK8!+~DY+yp,tregnard5y
216,ebotwood5z@kickstarter.com,lC7!rV,astonham5z
217,hboshere60@cbc.ca,yQ1/+(Nv2,eneljes60
218,nmcauliffe61@seesaa.net,oI3.Zt,sguillet61
219,oredley62@histats.com,xV9#GArcsQJX,rtattam62
220,ddowling63@bing.com,mL4)ku~f+,scopner63
221,jglendining64@washington.edu,lM5$@1!dP,mdimock64
222,mstaff65@chicagotribune.com,uV8\`x'E!2?,lmungane65
223,mnealey66@accuweather.com,qT2(0?)%.7,tlaurens66
224,tdmych67@ted.com,oT9$6Ihh,brive67
225,gbiggs68@smugmug.com,iO0!PamxXJ~5,cimmings68
226,tsimson69@wiley.com,wE4)blkP~9L,bcullinane69
227,bfrere6a@webmd.com,fW0)t$,fmorley6a
228,ebowring6b@nytimes.com,tP1(ofa\bsN,jnavein6b
229,gsturdey6c@myspace.com,zR3<aZ2{2R*,sgirardoni6c
230,theimann6d@java.com,tF1#QoM1%<|,zbarnson6d
231,whollyer6e@dyndns.org,sZ8+I.s_,jhartus6e
232,dbyles6f@goo.ne.jp,"qC3,y}D""<(/>",cbentje6f
233,tarp6g@ed.gov,mT6!AMNY,bwaylett6g
234,llombard6h@msn.com,"tL1&}oVJ<'F""",lbordiss6h
235,bberrow6i@myspace.com,tS7?0&)E,rlidierth6i
236,dskirvane6j@dell.com,uL2>(V,bleipelt6j
237,mabrahamson6k@so-net.ne.jp,zT4{/by,sossulton6k
238,ralvares6l@telegraph.co.uk,nZ9$RSx=KSa,cpirazzi6l
239,afarnin6m@mtv.com,"yQ4{oW3D,",elujan6m
240,gdaybell6n@w3.org,"gK3$<,Vhd",drivilis6n
241,hlegassick6o@feedburner.com,"vO5""#T",schaffe6o
242,jburnes6p@macromedia.com,rQ1{%5M,dgynni6p
243,jhimsworth6q@ihg.com,lZ6#~u,hcrockford6q
244,rglasscoe6r@bluehost.com,fX4(L/AfmGPS,tmaccahey6r
245,mjurkiewicz6s@technorati.com,dB3!FIz,wbagguley6s
246,tadrain6t@yandex.ru,"oD7,YF@~>h",barney6t
247,jmccafferky6u@odnoklassniki.ru,dF5*Q<nqy,rduiged6u
248,lhaselup6v@odnoklassniki.ru,"yH6(M@,kz",ocherry6v
249,aconeley6w@scribd.com,iA7!$|lTCGWl,lbewsey6w
250,tbemwell6x@house.gov,tC1(E1,fbrezlaw6x
251,dbale6y@list-manage.com,"mE9!{{0j,<",rrickersey6y
252,mspicer6z@nbcnews.com,uP9|X.HAE=,ddaville6z
253,lalger70@shutterfly.com,dV9.s',borro70
254,awythe71@unesco.org,tL2\Ipt6%~,vmccord71
255,msobey72@flickr.com,bO9|p&zna,elongstaffe72
256,lasson73@thetimes.co.uk,fB0{X<wH12l,acaldecott73
257,oyarmouth74@drupal.org,fN0<qz,vmacaulay74
258,bnevet75@t-online.de,bD1*EPZu~,sblacktin75
259,ebamlett76@networksolutions.com,sK8$@3,cfoulis76
260,mmathivat77@msn.com,"dR9@<rj,",semanuele77
261,bgabriely78@google.de,tF7`q`aT,rwarricker78
262,gpinshon79@berkeley.edu,tL0_romMm&L5,rstilldale79
263,jmumberson7a@nhs.uk,wY4'J1*x,pbalchen7a
264,psalterne7b@php.net,bB1&V1GsN,ndumphries7b
265,jsandiland7c@google.cn,pV2*1'Jkq,wgladdolph7c
266,mitschakov7d@yellowpages.com,"fW6@""(c'(@",kyakubov7d
267,bteulier7e@dot.gov,gL3$o?SufO{,ssmallsman7e
268,flathee7f@etsy.com,tD7'+NKY,aloseby7f
269,ppittet7g@nhs.uk,uX6%3|@gD,dglanville7g
270,bklimowski7h@wordpress.com,xY8'QN$U2,msargeaunt7h
271,asimunek7i@xinhuanet.com,mT9>_B,ptarrier7i
272,fbrilleman7j@hao123.com,bJ0&PfU,pclutterbuck7j
273,ndeath7k@earthlink.net,vK9(UE/,pletessier7k
274,ltaree7l@soup.io,oF0`Gz,cfalkus7l
275,dmeatcher7m@msu.edu,uU0/23}4,bvidgen7m
276,dmcnay7n@cdc.gov,"pG2+q=t4Nf""",dsmeeton7n
277,mfeifer7o@themeforest.net,uS2@ZTcF?),rbiasio7o
278,vlindner7p@accuweather.com,"vQ7""t1?iMal",rsommerville7p
279,fmessitt7q@zimbio.com,qA8/@9PJ,gslane7q
280,sbrodnecke7r@newyorker.com,mI8<!n,mleadbetter7r
281,dhendrickson7s@hhs.gov,"mA9""nwINq",bciepluch7s
282,rcodeman7t@csmonitor.com,rD7@{TrN,hedens7t
283,nmcateer7u@pbs.org,tT6@PtLMU,fmawtus7u
284,vvedyaev7v@shareasale.com,"wQ5_eBU{b,Y",btilmouth7v
285,sduigan7w@wsj.com,jT9}c8W)K,msnoden7w
286,lhenfre7x@chron.com,vY8~sK*U{MA,jmougenel7x
287,ewiffen7y@nbcnews.com,dL0<_/t9Up,rsilbert7y
288,gfonso7z@issuu.com,rT2_aZna,nbrade7z
289,cdillinger80@examiner.com,eE2~c#IGT,htrinke80
290,dcattroll81@google.ca,"zV1,!6|E",afoltin81
291,hranfield82@free.fr,mA7'U9')@CB,elias82
292,tdavidou83@cargocollective.com,fZ3_>)}$*,gcardis83
293,amourant84@privacy.gov.au,"jU8|lpYO,",jjacquemet84
294,ssneezum85@cloudflare.com,lS1.hxQX,hbernardin85
295,kbaish86@edublogs.org,sM9@20,kpurdom86
296,hduprey87@constantcontact.com,mT7}VU,ccrutchfield87
297,obrothwell88@ebay.com,nG3}wt0O,rcausnett88
298,dvuitte89@issuu.com,fQ2_U.RI)8?,fmaith89
299,cneave8a@hugedomains.com,dS2$wO,cmalley8a
300,swestcar8b@yahoo.com,"qA1,.Co@}",hdemerida8b
301,jtunnah8c@washingtonpost.com,fR6#%)@T,spiatkowski8c
302,phuggon8d@ucsd.edu,gJ4@GV,kfrise8d
303,tspadari8e@constantcontact.com,eM4\Dx$J>,cnaerup8e
304,dwitty8f@loc.gov,lT8`7bAuRn,triddler8f
305,amoncrieffe8g@nbcnews.com,iN5)1*4Xm=B5,eattaway8g
306,agallen8h@cargocollective.com,yS8/Yk,ndavion8h
307,tferreira8i@fema.gov,pG0!NI,ahornig8i
308,fnarracott8j@twitpic.com,nI6/WtLQ#,dklawi8j
309,dtrengove8k@dagondesign.com,tJ0(_aHN,dcastagne8k
310,acotterrill8l@about.com,fZ7{Hf2,bcopland8l
311,acassam8m@theguardian.com,rL5`~_,igaudon8m
312,mmacdiarmond8n@wunderground.com,oL2\Yb{,dcostar8n
313,jphetteplace8o@buzzfeed.com,wE2{+YfT,lforstall8o
314,rchaffey8p@photobucket.com,eY6$oL5%,emuino8p
315,mcroson8q@rakuten.co.jp,pP6&0R>hD\M%,heverill8q
316,mparry8r@guardian.co.uk,qR5{cN,fjagels8r
317,lgolsthorp8s@earthlink.net,mJ0>|?F7,cofergus8s
318,ecorbie8t@npr.org,dZ4*SOYpX,glenden8t
319,rflinders8u@nsw.gov.au,rW2}'hWOqXX,ojopke8u
320,cwainscoat8v@cafepress.com,"wP2""X/}}R",hfabry8v
321,dkemsley8w@businessinsider.com,"wB1,8V3y<\",fbirtwisle8w
322,ctolworthy8x@mysql.com,uX7\0~F.\Kxu,espillman8x
323,jfilippyev8y@biblegateway.com,dX2={kP*a,gsarton8y
324,fstrete8z@shareasale.com,yQ3%N`CT9S,tbrocklehurst8z
325,henston90@samsung.com,pW2$83#oFnU,owigin90
326,mtather91@patch.com,"mH5,e,!EM",mhannabuss91
327,kpoat92@chronoengine.com,nS1\fl)B5*`I,kbeals92
328,ghawken93@ebay.com,hO1<a4&P,egudger93
329,obarrabeale94@sbwire.com,kZ0'BPELO$},cbeadnell94
330,esate95@woothemes.com,hH8>$3xAkcB,adisman95
331,dputtock96@umich.edu,sY5&YS3,wdeetlefs96
332,dkumar97@meetup.com,vQ5@b1EC,smurty97
333,kmarquis98@free.fr,bY2`SH@!,rhaseley98
334,rislip99@uiuc.edu,iA0?isO,tmoreno99
335,cgauchier9a@yelp.com,jT4)H\7G7(I,agosnoll9a
336,afeatherstonhalgh9b@howstuffworks.com,oM7%F((_`{)l,hmathers9b
337,hnulty9c@squidoo.com,pY1)uKz,rhendrickson9c
338,aboich9d@example.com,jP6'aFDFO,cfiney9d
339,grollingson9e@yelp.com,kO4#1&4st%,bbouller9e
340,kmccahill9f@engadget.com,pL2(26,evynarde9f
341,mgrievson9g@toplist.cz,lF1\V+Cm\U,vhardson9g
342,ehuff9h@addtoany.com,hZ9`tms,lwankel9h
343,rsailor9i@economist.com,tB8}+Md&ejF,joakden9i
344,ccrafter9j@mozilla.org,mS4/Gff?Ic+F,rangrave9j
345,prouff9k@dmoz.org,sI4#aAJiw,glesurf9k
346,tfowell9l@cornell.edu,mL3(8tKNC,mcallis9l
347,vshoppee9m@virginia.edu,qQ6_np,emaclennan9m
348,fcalbrathe9n@cafepress.com,aY5{.MW,dgodsafe9n
349,hdoogood9o@ftc.gov,"qU8}bI,!1",kbrecknell9o
350,ecrichmer9p@mit.edu,kV6{0*p_T,bortner9p
351,qoddboy9q@goodreads.com,cM2#ngS,mbescoby9q
352,cclausen9r@spiegel.de,fE9%wCp,alevis9r
353,lpietasch9s@sfgate.com,cJ6.}(ePw6l6,pskamal9s
354,esprake9t@vkontakte.ru,gF8&5S,zpollendine9t
355,fivashov9u@quantcast.com,qW6$kc'@Z,emarchment9u
356,cbanyard9v@sfgate.com,zG7<O'g}G4,rlaurence9v
357,ltwatt9w@google.ca,uJ4\zJ=,sgeany9w
358,iwashington9x@github.com,oB0<W),mdeverson9x
359,kainsbury9y@github.io,cT8#!'2UN|,bthoresbie9y
360,lsnoddin9z@google.com.br,jT8_hTR4_3\Q,strythall9z
361,mfeenya0@flickr.com,"oC9~L,_",hmccoya0
362,yskipwortha1@walmart.com,hJ4+|IcYc4,kkensya1
363,agorellia2@ameblo.jp,xP3$mfK{e+BO,garentsa2
364,dhorbatha3@1688.com,uC9%HYm,mkenneta3
365,pgianettia4@scientificamerican.com,"uW8@T""zo(Z.c",bhoundsoma4
366,sflighta5@moonfruit.com,iF4+oCKT|hi,hgraveta5
367,bstanwortha6@hc360.com,fD6>DU1@gUqQ,lgainsborougha6
368,gnarisa7@constantcontact.com,kB7&3_GKf,lsawnwya7
369,eoldhama8@sciencedirect.com,uJ1_=yy<R,mblaxalla8
370,nambroginia9@ox.ac.uk,eP0$%HJi>YJ#,dyglesiasa9
371,hlattkaaa@oaic.gov.au,kJ7%7Kaeoq,ledensoraa
372,epaddellab@kickstarter.com,zB1\V?!,bwahnckeab
373,ipabstac@google.pl,vI3&h==u,abausorac
374,mminoguead@admin.ch,aA3(2>1M`6|H,lgarriochad
375,jolorenshawae@imgur.com,gR9.2)P+W,ldulantyae
376,rbeiderbeckeaf@twitpic.com,wJ4(X~XJa7gV,jbinleyaf
377,bbrightag@howstuffworks.com,gV9#mr,lmittenag
378,tbarthramah@cargocollective.com,pW5&5B=Q,dondrusekah
379,klayheai@msu.edu,"nM4~Ou""93",ahealesai
380,hgarattyaj@typepad.com,pG8~C4',dblunkettaj
381,tissardak@wikispaces.com,vM7=jIG&rxe_,fkondratak
382,ccowpal@spiegel.de,lL8#K@,mbattanyal
383,hclearsam@opensource.org,"xT7(""|7dX>T",pbockettam
384,sjedrysikan@mlb.com,hI7`b&,bmcgruaran
385,mmarranao@samsung.com,aB7=1@N4uKX,jquirkao
386,rchalkerap@umn.edu,qQ3'mEOY}6{6,larnaldiap
387,olittlecoteaq@mit.edu,cI3`2Cy$l9K>,sloblieaq
388,cenosar@example.com,qV3{\)wk3+K,dmiallar
389,ebanvilleas@usnews.com,fS4>~*G7>PE.,aegdalas
390,dledamunat@rambler.ru,qJ2&Rq,eyglesiaat
391,aadiscotau@flavors.me,jK8$t|=7!y,oschollickau
392,kyeleav@barnesandnoble.com,cV8/C}MF,csnawdenav
393,cgimertaw@gravatar.com,fS3!~WZY,amacdougallaw
394,csteaningax@wiley.com,kD0?R@!%r,mnarducciax
395,tstrelitzay@skyrock.com,eN2{2o>,lcheeray
396,wgreetaz@instagram.com,cU0.%CQLNm,adacostaaz
397,rlobeb0@kickstarter.com,cA0~w=,araistrickb0
398,strattonb1@csmonitor.com,lE5=732KZ,ctimewellb1
399,ccaddb2@indiegogo.com,hZ9*{2.YPYW%,rosullivanb2
400,qfieldenb3@lulu.com,jK6/l.?$tP,lwilloughbyb3
401,amcfetrichb4@arizona.edu,nR9.V5k|Ok,aguyanb4
402,mgarthlandb5@livejournal.com,aF1'0#~(G8,fpescodb5
403,fhallumb6@i2i.jp,tN5+ceM8@~af,cmaggsb6
404,bvasilchenkob7@diigo.com,rM8+|l9ztf,lglisaneb7
405,nancliffb8@reuters.com,gU2(.!rCFxL,mfenixb8
406,edeferrarisb9@examiner.com,sK6#(q0Q,eguysb9
407,cbarthba@gov.uk,gV5!.Rb,kbrimblecombba
408,abukowskibb@bizjournals.com,zJ3.4cNp&/,mgunbybb
409,slymbournebc@delicious.com,vY5?OJnsnQ,oledgleybc
410,rodochertybd@archive.org,zD2`'Vj(z2#,dscutchinbd
411,tsoppitbe@sogou.com,dX9|j`,wkeggbe
412,jferencebf@i2i.jp,"fY1!FLm`,",kghiottobf
413,lbankbg@devhub.com,aI7@mpp4XZ,bsapenabg
414,gcasswellbh@weather.com,mR3$JBE~+e,oswetmorebh
415,agianninottibi@yale.edu,eG6|}OS5`X,jnevinsonbi
416,lbasillonbj@boston.com,eR9?v#IKD/,grobelinbj
417,solohanbk@google.fr,yY5*E`},atrinemanbk
418,pcardowbl@java.com,wK4=R4<,opaolinibl
419,bkonnekebm@tripod.com,"oY4{KV""",pmcgluebm
420,rpaybodybn@cargocollective.com,zE9(qg<Q0o,hmchalebn
421,estedellbo@unc.edu,sK4*ahE,celiesbo
422,tmclennanbp@vk.com,uT9&lc,hestickbp
423,sgilardengobq@washingtonpost.com,lJ4<m&A$.V,schristoffelsbq
424,diacomobr@ft.com,"uD2%#S##,p",cpettyfarbr
425,nbiertonbs@mediafire.com,jR5)rMSF<6>{,vfeldmarkbs
426,fkettlestringebt@t.co,qT1.o<z,rsprosonbt
427,rdoxseybu@toplist.cz,wZ9\I|,vrichterbu
428,nmcgibbonbv@patch.com,fY5&'8nC2KVw,jtranterbv
429,bdawidowskybw@ning.com,mA4%rw,amahmoodbw
430,sparnbybx@ebay.co.uk,wH4&kWi~+,fcabblebx
431,zrayburnby@a8.net,iV5|.Hh0jp6,fkenrickby
432,rcasselybz@dot.gov,sK4=4A\Lm),nbellewbz
433,vvanweedenburgc0@1und1.de,bJ0%y+,nlonghornec0
434,fcurrerc1@princeton.edu,dQ5+5E@,drungec1
435,dinmanc2@sohu.com,dH3@4@,mcardilloc2
436,jcoglec3@example.com,yK6}Ip.K`5,tmebiusc3
437,cpeegremc4@aboutads.info,lM7@nIhjusT,fdemcikc4
438,cjocicc5@mlb.com,bE0+Rgr,rbessc5
439,wthurstonc6@ted.com,tU5<gM.{4D,rhenfrec6
440,pantonichc7@imdb.com,eM8\OT6f,oberginc7
441,celveyc8@microsoft.com,lK8~?\,dguilletonc8
442,kmcdarmidc9@tuttocitta.it,"qP2_n>K1t""}",asedgebeerc9
443,gbeavisca@ovh.net,pM7$=i11Uay=,gsandilandsca
444,joneilcb@bbc.co.uk,iD1*\t)\nQG,ccelliercb
445,asargantcc@wikimedia.org,"aN1*|""+xr($",dcoyshcc
446,smulmuraycd@eventbrite.com,"mK7,=`9i",cormistoncd
447,aternouthce@cnn.com,kN0&st~Q_,cmimmackce
448,mdeverillecf@booking.com,"iR1,Xtjo?$",kdavagecf
449,bdonovincg@ucla.edu,jG4\p'70m9R<,sbrehatcg
450,tcoulthardch@stanford.edu,"dG4""Z}0M",cforsdikech
451,apynnerci@omniture.com,gP6=}w.,hvarnesci
452,fsawerscj@economist.com,lX3.x!2!E!*,lgradoncj
453,laimerck@t.co,tB1(MA(W3,gmurrishck
454,cpearlcl@w3.org,dW9~FlUuK,dcrasswellcl
455,sroelscm@virginia.edu,"gD0"".V?<",astabbinscm
456,tgraesercn@creativecommons.org,iY7}E#s,ihalwellcn
457,ekrolmanco@hao123.com,aB8}}w?#(/0y,ladamiakco
458,wdjureviccp@nih.gov,oY6||p8@%,dkendercp
459,nshavecq@upenn.edu,dX3|ZE\H4=I,jjostcq
460,acrossgrovecr@studiopress.com,pF6(M?,creiskcr
461,astrangwardcs@deliciousdays.com,pB3@uys,bstarzakercs
462,itotterdillct@moonfruit.com,rP0_orz~d,blloydwilliamsct
463,tpinncu@statcounter.com,fK4&qhB\e$G,lklimschcu
464,modeacv@seesaa.net,dK2%rA{,osharriercv
465,mbillingtoncw@dell.com,xL0%LWTK,astorchcw
466,ndawkscx@diigo.com,"rK4#""%~L<<1",jwollencx
467,nquartermaincy@barnesandnoble.com,vN2'yrqc,arodsoncy
468,eloriecz@deviantart.com,lA5=*3(!@b,dwallengercz
469,flearmonthd0@bloomberg.com,iE2)dM$A\k,vstaffd0
470,eshinfieldd1@tiny.cc,qZ0!''5~br,ctallentd1
471,thastlerd2@php.net,uS7(+PhTXKp,zgawkesd2
472,hlangthornd3@nyu.edu,dT0&{Z,tmcilvaneyd3
473,spleyd4@multiply.com,"cO2)$nV""$I",bambrogettid4
474,zjohananovd5@livejournal.com,aB5`EGw)i9,ghoulridged5
475,sillistond6@yale.edu,fX2)b},bchantd6
476,tmontagued7@ifeng.com,"jV8\*H""4uu",mcockneyd7
477,dglozmand8@time.com,gP1.lqQ*,kmalsherd8
478,rdraynd9@weather.com,eQ4~l.Pl,hdimariad9
479,bgrogorda@youtube.com,sV9@fKxa#?,lbinderda
480,hbenarddb@google.com.hk,dW0?_}wAHp25,nmacenzydb
481,fjellicodc@nymag.com,"hE6""WMC}OP",tklaiserdc
482,hholleydd@loc.gov,uO0*>A!xFMCD,mbushedd
483,rsutherleyde@zdnet.com,fS5<M&9&Pi,gsebirede
484,lstellidf@epa.gov,yZ0/<Cc+%,cbrindleydf
485,chelksdg@symantec.com,zI9|Wsyst,emellishdg
486,jsollettdh@marriott.com,rM9}hC/m%Ow,ckemsondh
487,atersaydi@walmart.com,wG2)9}sAI,lgladtbachdi
488,mmcilennadj@usgs.gov,sW0?.`?tUz,dfreeburndj
489,jdowtydk@dell.com,iC3}_fv6,ucluckiedk
490,mmcanultydl@jalbum.net,bO1_5&ym>,ddormerdl
491,kniesegendm@instagram.com,oH1>k9M,lthulborndm
492,rcoltmandn@ucsd.edu,"fD2,N.",alinnockdn
493,epeiledo@jalbum.net,oE4@Hk,seyresdo
494,emccourtdp@multiply.com,mM3&>\.j0CQE,mborleacedp
495,bkloskadq@usa.gov,qA1\rJH{/,cleveragedq
496,mcorthesdr@pcworld.com,jD6)A5,soakerdr
497,dlathands@baidu.com,"sX0|?6$,p%",egrcicds
498,bburrdt@fema.gov,"mV5+,URqvF!A",vkuhnhardtdt
499,mpelosdu@cnet.com,eT0%9Vh0<,gthrowerdu
500,bsteddalldv@howstuffworks.com,"lH3_tyD6x""",tfinessydv
501,cglavisdw@ovh.net,eC3(z4Y,spulteneyedw
502,rclutramdx@wp.com,uV2/ZrFNN!},tbawledx
503,ltytlerdy@slideshare.net,pX4<iO,aleggingdy
504,abeedz@taobao.com,"qL0#,\\",mhastiedz
505,eschulzee0@spiegel.de,wO6'R2E/rl,druzice0
506,cbolderoe1@dagondesign.com,cX0\%(X|,scardozoe1
507,bmaccolgane2@google.nl,oS6{o}_d.GeV,ddutsone2
508,wshetliffe3@issuu.com,uH2@jG,rnasebye3
509,dkrysiake4@dyndns.org,wZ7+Dvy'{=,dkobpace4
510,lgatecliffee5@usatoday.com,eV0(V.S+7r,nlazaree5
511,rhoodlasse6@cnet.com,zI2}L~k<c,wadamse6
512,cbattistae7@histats.com,"pL0""vg`N8",gwinsere7
513,ccloutee8@sourceforge.net,cB0|ys(3K,nstapleye8
514,cbockee9@edublogs.org,rT1?c7`),nrobynse9
515,bdustea@howstuffworks.com,dO6)2`?kHCK,ctumayanea
516,mconeneb@businessweek.com,kS7!u$f,rrollasoneb
517,ddowsec@naver.com,fV0@rb,jchoulertonec
518,mdonoghueed@slashdot.org,iJ0'y_W,zwoollined
519,gseeryee@cbsnews.com,"rH2""vJC<Jh",mlawee
520,wblaisdellef@networkadvertising.org,vW5${P,hbyresef
521,mfenneyeg@ask.com,"rN4,'rKtOz4",bsynckeeg
522,thurlleh@google.de,fD9$u.,desslemonteh
523,aseagarei@printfriendly.com,yW9/x5i,scastielloei
524,mmixhelej@shareasale.com,rT9)5aLL,tlillej
525,tstoateek@issuu.com,"hK4!g,p(",ajaineek
526,tlovieel@so-net.ne.jp,"zK9""J`E",ywheelanel
527,eernkeem@google.com.hk,"fG0@/""B",mguiseem
528,vpleveyen@google.com,pC3@\(<.52T,parchellen
529,rstenyngeo@miitbeian.gov.cn,fA6'V+,hpitcaithleyeo
530,ctidmarshep@livejournal.com,oH2~t4.JM+,cbennettsep
531,drichineq@sbwire.com,aA0!IrA`,ahasselleq
532,acarilloer@sina.com.cn,zC9@{2n3u3,gpillmaner
533,bbaguleyes@umn.edu,"vC2/NG*XY,2q",tbonnes
534,taltimaset@hud.gov,"sB7"",9I",odartanet
535,ofolliotteu@yellowbook.com,dX4+_4l)bfG,tdanickeu
536,cleconteev@ucoz.com,"kC3|Peq,#c",sbardeyev
537,rscedallew@163.com,mE3&=RmQeZ,sibanew
538,iarlingex@berkeley.edu,lO9}drsT,mgrigoreyex
539,cbonnifaceey@skype.com,oY7)Ud%#,rfawcittey
540,ecopnellez@ebay.co.uk,hY6|xz(/,wgotterez
541,araglessf0@123-reg.co.uk,bA9(WlT@|,obuggf0
542,shardief1@ibm.com,qC5%R68,wjanesf1
543,vlulhamf2@dyndns.org,"kA5""""&O57",rgreethamf2
544,gvermanf3@purevolume.com,"pC4""fQ!K0Ohw",skynanf3
545,abredeef4@hubpages.com,cJ3`+c,tkellerf4
546,lbertelsenf5@chron.com,qU9(|&t2VKpf,rkilfetherf5
547,ntuckettf6@kickstarter.com,"vJ8.EYt|,""/",wganicleff6
548,probeconf7@parallels.com,uO0{'l2v,vlazarusf7
549,aklimaf8@gmpg.org,"lT4'%uT?+Z""",kswaytef8
550,mjosipovicf9@yellowpages.com,cY6)liB,gschulkef9
551,jkubekfa@vimeo.com,uO5!)mp',bcheleyfa
552,dshadfourthfb@mozilla.com,bR2{p0'rM2.,aaleixofb
553,cartingstallfc@de.vu,aP3*1u#Nn,bbartakfc
554,hblampiedfd@japanpost.jp,fQ2!svJ,mbrogiottifd
555,jsemberfe@clickbank.net,zS9>IX)T8pGb,jbrewertonfe
556,hnanniniff@fema.gov,vG1>ZTU=Q7,dsellmanff
557,ascracefg@boston.com,cY8/vjgD\,hbrachfg
558,qgivensfh@deviantart.com,"wN2""g2e",kohingertyfh
559,sshatliffefi@printfriendly.com,"iI0,8K",nkemmonsfi
560,pantonikfj@yahoo.com,oJ1{sC,jolohanfj
561,ndoberfk@flickr.com,cC5`.Bj_<l,sbolesfk
562,fhinschefl@vistaprint.com,zR6!kx,jcicculifl
563,aocuddiefm@desdev.cn,lM2_d/we<j,nvossingfm
564,croydsfn@yahoo.com,"fQ0,9!lC9j<",swhitelockfn
565,cszymonfo@google.ru,oV5}x+,jpithiefo
566,dtyremanfp@deviantart.com,cQ5_vA,jfrimanfp
567,mhaneyfq@army.mil,eJ7!4CF,itwelftreefq
568,orobakfr@nasa.gov,rD2~qLtI,melleynefr
569,jneillansfs@so-net.ne.jp,cP0`r$H,tpinkiefs
570,kbrunnft@domainmarket.com,eM8/J7O,kstanneyft
571,oocriganefu@booking.com,rX7`)#<u3,bkeherfu
572,aaffleckfv@netlog.com,"gA5""y2gx",agrigolashvillfv
573,fimmerfw@scribd.com,bC1)Iu%I/_VZ,alawfulfw
574,qtolerfx@delicious.com,mX2<LY`8=Sq#,lcoundleyfx
575,mjantzenfy@wikispaces.com,oY6_xo8B<,ibaalhamfy
576,dbillfz@about.com,tI8+gCi/<Pw%,jmagnarfz
577,trablg0@baidu.com,wN6>>EH+RFK,lcomptong0
578,mjobbg1@cargocollective.com,lD4}@66zb>,skauscherg1
579,fbanasikg2@technorati.com,xQ6'ULj!l,tphelipeaug2
580,bpiddockeg3@skype.com,rV7)Y1,tcapstackg3
581,sjasiakg4@stanford.edu,aS4!+ZRRdd>B,dtabbg4
582,qrisdaleg5@tamu.edu,gZ4_@p6,mscurrellg5
583,jsywellg6@prnewswire.com,lR1&.E=,tmccreeryg6
584,fhryniewiczg7@macromedia.com,tF7+Tva4fa,delwardg7
585,pbodkerg8@shutterfly.com,jQ7))TBt,rdanielutg8
586,tleyshong9@ebay.co.uk,zJ5=56ziq$Te,bmcwardg9
587,cexpositoga@drupal.org,aT1}TBB,lbarwackga
588,wfrangellogb@cloudflare.com,hM0>>/E0,ymacgillespiegb
589,fmundengc@twitter.com,jF2{LR{uIK8,debertzgc
590,wmoulingd@auda.org.au,gM1?3ClCwAj,dpeyegd
591,emichielge@storify.com,"yD0%U,b,",egregorege
592,jtillertongf@webmd.com,bU4=Nd_,mchidleygf
593,mandrzejowskigg@springer.com,pU4?qh,toadegg
594,omacpaikgh@blog.com,xF7&(#%<f<,scaddiesgh
595,eegiloffgi@biglobe.ne.jp,dF4)d93\@,fheselwoodgi
596,ocrossdalegj@mlb.com,bS8$4hltqT9T,ghickengj
597,lrubenchikgk@bandcamp.com,"yO0%er,P5i",tgreenwellgk
598,mlefriecgl@cloudflare.com,hN7(~)42lVD2,ocolvillgl
599,gkubachgm@walmart.com,hX8>4mKr,aguillougm
600,driddlesdengn@pen.io,rM2{{/a7S7,afannongn
601,esimeonsgo@macromedia.com,"iI2`xL,~",bbraziergo
602,lhearseygp@cbsnews.com,qQ8%ML,bbaffordgp
603,mscotlandgq@nps.gov,cC3$HGp|jz,hsamweyesgq
604,sspatagr@sourceforge.net,uA3>)VK,bcutforthgr
605,dkorlatgs@intel.com,dT5@EAA#beI%,rmccaghangs
606,atuckleygt@furl.net,sH6@'VX+nG,ilaisegt
607,mjankogu@blogger.com,mF8&K\p$_x,mdurnogu
608,llalondegv@blogs.com,vV8(\\7lo}Wz,epirolinigv
609,igamettgw@xing.com,zY4>91=?Z1,ijakucewiczgw
610,sspeechleygx@scientificamerican.com,nT3~%Nlb,bolennikovgx
611,mwhelbandgy@reuters.com,wE1(+I,hheselwoodgy
612,smcblaingz@ucla.edu,rR7}uT0_!RuA,lkeoghangz
613,lsmalcombeh0@hatena.ne.jp,"gW7""wG\U",sheinleinh0
614,hfiginh1@baidu.com,pD1~a#NL,wlindmanh1
615,jbridewellh2@ezinearticles.com,aL5<6|5,cwhittonh2
616,jkastelh3@auda.org.au,pK4)m5,dlibreyh3
617,amacgillivrayh4@sina.com.cn,"mQ4""Q>&>5A2",dbenesh4
618,kcorseh5@amazon.de,xX3'*$,lphelipsh5
619,caytonh6@cam.ac.uk,wY3</@{z0rj,khexth6
620,avaseninh7@woothemes.com,jA3)8RR.6,vmarkelh7
621,jmearingh8@dedecms.com,vI4%CDp+,wmcgheeh8
622,bkolyaginh9@digg.com,sY8._K*%,hdaunterh9
623,imaypoleha@cbsnews.com,oD1|pXxr,dmilliganha
624,pjanissonhb@google.de,vW6%!.U|aSfN,npemberyhb
625,psharpleyhc@bloglines.com,kA2=D&,cbrobakhc
626,ewilcockehd@sciencedaily.com,xI0.gM2J,svedenyapinhd
627,aorcashe@zdnet.com,mI0|a/sL?,akemmetthe
628,ssparhawkhf@slate.com,gQ2+%t?rSlg,phammatthf
629,ilokierhg@bloomberg.com,vV9*f'p~,mingremhg
630,mcampionehh@deliciousdays.com,bR2%|)@9}?,dbochhh
631,aniesshi@newyorker.com,sV9<ze/Hq},jgruthi
632,fmeagherhj@yellowbook.com,tG6>4H,taldinshj
633,kodoughertyhk@skype.com,"eS5'1,noJ1Eg",akynseyhk
634,teliescohl@hugedomains.com,cA7/XP$,tbaggshl
635,gbuchetthm@ibm.com,"dN9*2Y8*ff,r",sabilowitzhm
636,cmuscrofthn@flickr.com,"cW1_FDf""?k&L",mboddamhn
637,tcrosstonho@nationalgeographic.com,xU3!!)7a4.W,fsheptonho
638,ekieffhp@yale.edu,"vC3""(%7&c1e",eaddioniziohp
639,ofildeshq@fda.gov,zQ3(2wd_Xg,ypendrickhq
640,mtofftshr@storify.com,oQ5&M2O(05,dhogginshr
641,mbodycombhs@reuters.com,jQ4/uo,adobyhs
642,sputtockht@prweb.com,jX1@=t~v\,acartnerht
643,ghaniganhu@unc.edu,lK9}w/%,nlealhu
644,agullandhv@youku.com,pC6>p6@,slaukshv
645,jgrimoldbyhw@ft.com,iK5~*(q,sraynerhw
646,kchristescuhx@indiatimes.com,fH7~{)Ygw,eclynehx
647,mdoublehy@ameblo.jp,"tD8{,B",ltaggerthy
648,wsilverthornhz@newsvine.com,eK7*9S,solenchikovhz
649,cmatuszinskii0@theatlantic.com,tC0~7jBq_5w<,tthirski0
650,ilombardi1@list-manage.com,bB1%'eR{o,mohlseni1
651,dportinarii2@amazon.de,yK5!%E03=,pcarniei2
652,lsallyi3@prlog.org,sV5'~juf,jegglei3
653,smanassi4@technorati.com,"eI1%zXv}9G,?",ayakubowiczi4
654,nhymani5@netscape.com,zE3\pa|,drobeiroi5
655,ngilhami6@dion.ne.jp,eJ0?kRzqgh,anoori6
656,ecalei7@weather.com,cT3%h\N=D,lschimpkei7
657,btrusdalei8@dion.ne.jp,nO4?TO,hgudemani8
658,mbuckleri9@phoca.cz,wM0.DAgU@!b,bcardenasi9
659,gheibelia@google.com.au,"kY5>kE+(C""L",hlidgettia
660,qbetserib@cbsnews.com,tG8)9<oG3,pickowicsib
661,lblenkinic@nps.gov,yR4$/Ih,ljimesic
662,npetrussiid@biblegateway.com,zT9&~m?i,fhawsbyid
663,ceilertie@usgs.gov,kE0#JZ}s2ic/,darndtie
664,ykauscherif@home.pl,pZ5`O.JcaB',hbristoeif
665,mmcevoyig@liveinternet.ru,iB0!U~,oshandig
666,lgartanih@feedburner.com,zO7&p_,lhulstromih
667,hfinneyii@cam.ac.uk,rZ4|bA,bpimmeii
668,jhrachovecij@ameblo.jp,"hB7""`l#kBL@j",lsheeringij
669,jshillabeerik@a8.net,"pV9""/Hv$?",sberringtonik
670,ndionisiil@is.gd,bK3>xMG~,shubballil
671,umontagueim@mapquest.com,aF4{k#j6g,iinggallim
672,lcandlishin@artisteer.com,sW2{582,jtrebilcockin
673,gkenneyio@howstuffworks.com,"uS6,kw",pmcritchieio
674,wstonhardip@nifty.com,tQ7<N|tZa,pmcginneyip
675,ndaileiq@friendfeed.com,iG6=FNKc,rwrennalliq
676,vmacveyir@elegantthemes.com,iJ5<jUJSE`zk,jrubbensir
677,otraiseis@amazonaws.com,iZ1#4\O,mlodewickis
678,mmacpadenit@webnode.com,dA0/R.C,foloneit
679,jropckeiu@amazonaws.com,jE9&pql,hgalbraithiu
680,vdreigheriv@sun.com,lI7+DqQax,wcraigheadiv
681,dcossinsiw@delicious.com,"eN5=,8BEp",nmcaviniw
682,dcutrissix@paginegialle.it,zI2#`P,hgridleyix
683,mgetteniy@ted.com,wB1<MfA0ZcUe,hmcowisiy
684,gkeeltaghiz@wufoo.com,lG8\Xp,cfreyniz
685,msoggeej0@wisc.edu,bD8)SBh~rRVY,hglowachaj0
686,aheindlej1@aol.com,gS8{@UzI(,evandermerwej1
687,efarrimondj2@army.mil,eR6\mJ,hblaszczykj2
688,cadacotj3@shareasale.com,"dV2""MLl",mnelesj3
689,mbenezj4@blogspot.com,nQ7_7P(kR?e,sadamowiczj4
690,dlevinej5@vimeo.com,uU0/Ab!6HOrU,tdrayej5
691,rsharmaj6@typepad.com,tX6<jA1~,lredbournj6
692,fsimonsonj7@tinypic.com,uN7\L}.IrA&9,phartfleetj7
693,akobschj8@over-blog.com,qZ6~K@a>/44F,kdemeisj8
694,emidsonj9@oaic.gov.au,"eJ6%W,qwx\6",dangearj9
695,vmcphelimja@mysql.com,"tC1/)#4x&"")@",bpikhnoja
696,klagadujb@cargocollective.com,zX9?$mIB,adudmanjb
697,idealtryjc@storify.com,eC6'<$1\},cwoolfordjc
698,pinksterjd@bloomberg.com,qQ8)iDxH{,hwattonjd
699,mponterje@wikimedia.org,uS6/=)lSbMM(,ewinnje
700,bvernazzajf@php.net,uX0'wo)6km,ajoriozjf
701,mferberjg@ask.com,sU9(!`,tharmourjg
702,obilbrookejh@aboutads.info,sY6&mtC<%,cprosejh
703,tcutmoreji@wired.com,qC0\@n&4YmR,mbegganji
704,mcleggjj@xing.com,bB2}Wa8b,hbuntinejj
705,ecortenjk@ucla.edu,oQ2@th,jhedgeleyjk
706,mbernardetjl@auda.org.au,rK5%Xr`,elatehousejl
707,sknowllerjm@ustream.tv,cT5@C$1t$g,dhasnneyjm
708,bshellshearjn@who.int,gW2<@Wvef,hwhightmanjn
709,mwarbeysjo@smh.com.au,oM5=lxh,achadneyjo
710,sduckerjp@china.com.cn,"fJ8""dB`\%",agowansjp
711,bgimenojq@msn.com,wN8>rq<gU`/>,lvasinjq
712,dmacgebenayjr@dedecms.com,"vC5.""pr).?1",hsherrinjr
713,loughtrightjs@irs.gov,iB5*C~,tkorneichukjs
714,xkeynesjt@whitehouse.gov,jO7*KRATG,cdominettijt
715,tklawiju@amazon.co.jp,nD2_Yt(,nmatusju
716,esymmonsjv@irs.gov,"qQ8{DP/y,",elathleiffjv
717,scollcottjw@dot.gov,eA2<V4,rreihmjw
718,bkediejx@hubpages.com,zW7=e3,hfindersjx
719,hledgisterjy@istockphoto.com,wR6\qUrYB(,ypavlovskyjy
720,bwrittlejz@shinystat.com,qH9%W3w,jjuettjz
721,fattewillk0@hc360.com,"tN8&_""0k|5",ajadosk0
722,chobbertk1@mapy.cz,"bV5&/aw,R8V",rmaloneyk1
723,nluckhurstk2@dyndns.org,bP1<|`8'#mIV,hgounotk2
724,mminerdok3@bluehost.com,iH7>a'D9,bainsburyk3
725,rvernayk4@google.es,fX7+ZN@6_/,ccharopenk4
726,elabbettk5@theguardian.com,oF8_'%Q7Zs,mrennoldsk5
727,mkillgusk6@cocolog-nifty.com,eK5(*L_2,dbeavesk6
728,srangellk7@psu.edu,sE3&wKHOfTJ,mkilmurryk7
729,pdovermannk8@sogou.com,uL5)xP/K1u=,dshoreyk8
730,jboudak9@angelfire.com,fI6|O{#mZX)8,ndosedalek9
731,opattingtonka@usnews.com,fL2#bRDRcP,dwhitwoodka
732,hlacazekb@bloglovin.com,gG7+v2<,cgerokkb
733,dhalledaykc@purevolume.com,"gQ7,jwf}V<}P",qlydallkc
734,eslucockkd@slashdot.org,zK4&Ny}f,bnewartkd
735,mgorewayke@jigsy.com,fL3!&T,bbrayfordke
736,kmanniekf@zimbio.com,pY3@VE2psqQQ,rkirtonkf
737,galvenkg@state.gov,vV8|LNkik,arobertetkg
738,lcroomkh@va.gov,"xI7,///,$7",ebertiekh
739,dbubbearki@hostgator.com,"mB3#uw""~",bknellenki
740,mforresterkj@redcross.org,uQ1`E?,bthebeaukj
741,hfeldbrinkk@ucoz.ru,oB8~M),spaulerkk
742,nvoyseykl@quantcast.com,xV0&iP,yscamelkl
743,abraunerkm@cnn.com,qF3'{g,aiggaldenkm
744,mzapatakn@facebook.com,fP8@.i,bbrimicombekn
745,vdaskiewiczko@disqus.com,rS7+<f|/)sb,sewbanckko
746,jnovellikp@blog.com,sM8>juTw,jstonestreetkp
747,gflawnkq@sogou.com,wY4*P1'|k,egillfillankq
748,chentzelerkr@goo.ne.jp,pD1_t6,abarockkr
749,mmintyks@nationalgeographic.com,kU4`seTuV8,ddenzilowks
750,nbrayleykt@chicagotribune.com,yS7.33,nkunzelmannkt
751,aplaskittku@chronoengine.com,cZ9.0iWu2h,mknapmanku
752,awrotchfordkv@deliciousdays.com,lT2+G+vIn),rbanbriggekv
753,fbutekw@tinypic.com,hH7}0C_,adelanykw
754,ooffordkx@hatena.ne.jp,oN0=0tNOvM,hsinclarkx
755,lfawthorpeky@jalbum.net,"nF1{#""~&",lhackforthky
756,hkeablekz@kickstarter.com,xS9*\2nGI,jedinburghkz
757,chonatschl0@phoca.cz,qH8(?XS_i>$,lbromelll0
758,jjirekl1@telegraph.co.uk,"fK1,?9Ha",sscarasbrickl1
759,ghailll2@phpbb.com,"qG3""<pd",kachrameevl2
760,clarmanl3@wiley.com,sR9$TM,mlantl3
761,strottonl4@usa.gov,aW7+*Od,pburburyl4
762,khumblestonel5@alibaba.com,"fF4(W)Pd,",swaterdrinkerl5
763,mrowettl6@privacy.gov.au,qU0#=e'|,shastwalll6
764,msilversonl7@usgs.gov,gB5+!fB$4\u,sharriottl7
765,lcollingworthl8@va.gov,iU5\wk,jferneleyl8
766,gvasichevl9@networksolutions.com,tU5{NF,bkockl9
767,jlambertila@bizjournals.com,tX6+MG%~1S(3,lmclaughlanla
768,rgarceslb@ifeng.com,cB8@o<,bparnabylb
769,sbrutonlc@wp.com,xV4?%>,ametzkelc
770,rsimonnotld@skype.com,kW6'Kb},fattawellld
771,ddowlele@nhs.uk,rY1}dcwf|,mhannumle
772,obuckthorpelf@t.co,vJ4_wXO!,idechastelainlf
773,lcuttinglg@miibeian.gov.cn,qI8|ZEHq,sbernthlg
774,wcrookstonlh@ox.ac.uk,fM5+f65D_(,gwormstonelh
775,asaldlerli@census.gov,lK1(n6Q,dmcquorkelli
776,ahessaylj@springer.com,fP0&r8sSX7wi,areddicklj
777,nlavisslk@joomla.org,"kW3""Z?ecRn1",mbrulk
778,khuckettll@admin.ch,iJ5~W9w,dbirdwistlell
779,lpeelm@epa.gov,mB6!Z_\,gduttlm
780,aannetsln@t.co,"eH9#""J'",wmariolleln
781,sjoesburylo@1688.com,"rP7$6&5,",amckaylo
782,cvaneslp@artisteer.com,kB3$l`/,efontelllp
783,bjennaroylq@earthlink.net,nR4@_KDJ&T,cslaynylq
784,nboguelr@unesco.org,xA2)VXGS?l,mcheatlelr
785,mbusstls@ibm.com,xD0/N@f,pmccrainels
786,abarringerlt@amazon.co.jp,qP2!81e,hnewricklt
787,abettislu@timesonline.co.uk,oI5/rA+r,bstivanilu
788,jbotterilllv@360.cn,"uP7%P,rB6",tfedorskilv
789,rstiffelllw@upenn.edu,zU9(i=a`,sollierlw
790,wtolemachelx@phoca.cz,aO7%D19k6,vbyrdlx
791,aaimly@arizona.edu,"cB1{J,",ahughfly
792,krussonlz@newyorker.com,wQ1{SK,epavlenkovlz
793,fcordeletm0@wikispaces.com,qZ5=wEO,mgatheralm0
794,llumsdenm1@surveymonkey.com,pA5/DcJB,eswadlingm1
795,tmeinekingm2@eepurl.com,uZ8<5_nZ8PZg,kklaggemanm2
796,pyanezm3@constantcontact.com,pA4+HlNF_wh,rpatesm3
797,fleekem4@seattletimes.com,zV0>T>PRGGM,rfawlkesm4
798,agheorghem5@chicagotribune.com,tJ2$U_,gsutherleym5
799,szaniolinim6@nyu.edu,uC9$`gH~km,jbadamm6
800,astuttmanm7@epa.gov,qL0'sE,udedonm7
801,seastupm8@buzzfeed.com,tZ6)B\5j>E,dbrychanm8
802,cfillinghamm9@psu.edu,lR0!a/l3D*,fpassym9
803,areederma@squidoo.com,tE6+E8sCGQ,lpatronoma
804,akeatleymb@baidu.com,oI8_N&{,bborzonimb
805,llytemc@stumbleupon.com,cQ8{QL,jbourdasmc
806,dgaviganmd@gnu.org,lV3_RG%lcP,mlevetmd
807,cbonafacinome@pagesperso-orange.fr,mA6!X>?SGwVO,dchastelme
808,bmackallmf@un.org,xC9@quOAO,gpurchesmf
809,msparrowhawkmg@mozilla.org,uD2$vx,schiltonmg
810,wlambertazzimh@simplemachines.org,hZ3&I2o.Wg,kcescotimh
811,ffranciolimi@ustream.tv,lE9'Pe|EIBT,bargentmi
812,ashewenmj@livejournal.com,"tD0&8=,=/U",ekernockemj
813,sbrickellmk@1und1.de,xV0#=7,dcuerdalemk
814,abradshawml@reference.com,dN5$cp,kcoveneyml
815,bshasnanmm@yellowpages.com,vP4|1?,tfardomm
816,eoshieldsmn@slashdot.org,nK9<ghUPB)1/,mkrahlmn
817,lfinchmo@globo.com,hX1|=327uBE,csilbermannmo
818,sstenningmp@walmart.com,qT7+UfMrx=0A,cbarffordmp
819,bclemasmq@nih.gov,kF7#1QM!/4g,medsermq
820,glamontmr@globo.com,uK0.@k>wXg.,astogglesmr
821,cappletonms@live.com,fL4}fsb/K,ghobblems
822,twiddisonmt@canalblog.com,"xG4}fERf/""p",cfennellymt
823,ltruelovemu@ox.ac.uk,fE8}+6>/oP,bfrankhammu
824,gfallensmv@wunderground.com,"jJ1.o""8I",mbarnissmv
825,jmacduffiemw@icio.us,bT6}U2Fd=\,rwillcockmw
826,kskullmx@canalblog.com,hT1_)@tq6P,akenwellmx
827,tboncoeurmy@booking.com,dR7\$rA|$gAC,fhughmanmy
828,jhuxhammz@techcrunch.com,fT7<{6'}5,jkulasmz
829,rpattingtonn0@technorati.com,mT5|aq`}9,achippn0
830,dhourstann1@msu.edu,"yG7,|N+D!",apetworthn1
831,cmcquirtern2@odnoklassniki.ru,hV7|Ewun*,jbulbeckn2
832,glyttlen3@1688.com,aD7%=r.>|Vn,meringtonn3
833,liacopon4@ted.com,nT1>drht,gnoahn4
834,edurrandn5@edublogs.org,aJ0>h1,bcreusn5
835,idahmken6@zdnet.com,sO7`jo,jleatesn6
836,rbavidgen7@webeden.co.uk,lB0?lt_0),iscougalln7
837,ngooldingn8@tamu.edu,bJ1!%~q**_#T,pallmarkn8
838,jricarden9@vk.com,vT9/X}~JbP,mphibbn9
839,klackmannna@blog.com,vU5.lLp'F+r*,hpignena
840,msandeynb@imgur.com,fN6$eEiR,skmicickinb
841,rmcgruarnc@theglobeandmail.com,bJ0<Qu7>4d>,ewinramnc
842,felennd@e-recht24.de,tW2'8E,mslymannd
843,bhalbardne@washingtonpost.com,"bC3&,*WW~P<",gsnodayne
844,tboxallnf@sogou.com,"aR4""wx$s",tadshednf
845,randreotting@newyorker.com,cY4+%yE{x$8,bbrundillng
846,chainenh@ameblo.jp,"cT7``Vq9R""G+",jtoghillnh
847,ngolsworthyni@cam.ac.uk,lY1?R#,awheelikerni
848,pfarrandnj@wisc.edu,"lO6!otz""p(",qjozwiknj
849,tbarbienk@hao123.com,xK3.yi#Rsv,gsinclairenk
850,kpenhearownl@addthis.com,pT7!S~#,nlandrenl
851,crenacnm@fastcompany.com,"yZ8'Aw,",jcarreyettenm
852,kcratesnn@wunderground.com,jE8{.LW@oy7,erohlfingnn
853,wbonsaleno@blog.com,zX5|W<M,dcreganno
854,dbrongernp@eventbrite.com,oV3~m#a5P,apaolonenp
855,aauchinlecknq@fda.gov,nZ5)/Ot`,gneavesnq
856,killsleynr@trellian.com,"wT1""v7nP",bsilverwoodnr
857,wwoffindenns@usnews.com,yC7.X?,gspurdensns
858,kesticknt@gravatar.com,mR5@dv5ur,emccarlnt
859,dchaffinnu@jalbum.net,yP8\YS)_f,lcopellonu
860,rkobierzyckinv@jiathis.com,qX2'z<U,ipriggnv
861,rcudihynw@craigslist.org,jN8}o_F0,rwimsettnw
862,dshakshaftnx@studiopress.com,pQ4}v3I8u,rallicocknx
863,cshilvockny@msu.edu,"jA8,R./&{>",mbolamny
864,bnewardnz@canalblog.com,"gZ1""YZa9B",ecreigannz
865,mtregiddoo0@themeforest.net,wE1>qbd,ttoopeo0
866,iannakino1@ibm.com,hH3%eYd%1,ahicklingbottomo1
867,dcumberpatcho2@printfriendly.com,uW1@UD`TO,sgrastyeo2
868,apledgeo3@pcworld.com,nM7|G%XTg3|,tdiganceo3
869,nkrishtopaittiso4@quantcast.com,"jC1"",Jw`,'",crickerdo4
870,rdegoixo5@usatoday.com,wY7*&#nBnP?,bthroughtono5
871,jharmaro6@woothemes.com,eP0=f0?X)vt,pbrashawo6
872,cackerleyo7@gnu.org,"rU8""Y~",brikkardo7
873,jrochelleo8@yale.edu,aR1_Rk<$x,mpolletto8
874,bsunnero9@miitbeian.gov.cn,mA5`TQHu,tpowrieo9
875,mcharkhamoa@about.me,"xJ5+,Kz?UV=`",zedelmanoa
876,tgoodinob@cnn.com,"xS3=/Jbu)+,",tkibbeob
877,mchristophersoc@squarespace.com,gB4`a8,ebotemanoc
878,lriellyod@cargocollective.com,tX6$QKWf,caujouanetod
879,mmacgalloe@wordpress.org,"pB4,Hn0CeQv{",cstoppsoe
880,gloutheaneof@list-manage.com,gD3*0K~!EU,csharpinof
881,jussherog@sbwire.com,kD9}ojmA,hviveashog
882,rheritegeoh@smugmug.com,"pN6=4_""3Cx",tpairemanoh
883,sbrumenoi@miitbeian.gov.cn,vW2*AEE9S0,dsyphusoi
884,abillisonoj@gov.uk,"fC6*""rB",hminichillooj
885,kcicchillook@51.la,hD3?.lF3p>Fr,jbecclesok
886,ldoucetteol@skyrock.com,xG0`Cz8I61_,logormanol
887,dyoom@livejournal.com,mE7=Ki\JA_%,dlegenom
888,dferranon@homestead.com,zR3\sUj,adanilinon
889,plindbladoo@omniture.com,nZ4!+vGp,corringeoo
890,kbraidleyop@g.co,xL7*U8QW,benrightop
891,btrustyoq@yahoo.co.jp,vP3|U$jNZz\,cgritsunovoq
892,scraighallor@tripod.com,"bH2#}F$""0,i",anuddor
893,fwisonos@hibu.com,vA9/h@l,lboveyos
894,gfreenot@feedburner.com,eD1~3C?,mfellonot
895,llereou@google.com,"jX4)""6h",cliftonou
896,rstonuaryov@google.es,iU6?c<i~7,oreicherzov
897,rdaintyow@indiegogo.com,nJ8_AxB,fniseow
898,stotenox@rakuten.co.jp,bD6(Q13z2>hF,rtreadwayox
899,rfluryoy@google.com.hk,dF6@\wj/W0p,hmumbyoy
900,tstubsoz@elpais.com,rP6%|?m~b,tjillisoz
901,nmanzp0@mozilla.com,rB3*?)1Lc,cwagnerinp0
902,bbatistellip1@wp.com,hQ6?Wgr<u,denderwickp1
903,rmcquirkp2@cam.ac.uk,tO0>xgx,dfairbrassp2
904,omindenhallp3@narod.ru,sO5<1tp{ds~f,abruckentp3
905,umatchettp4@engadget.com,dW3&d\,jshimukp4
906,mhowelsp5@blogspot.com,wG5_wVw,fpedrazzip5
907,imaccollp6@google.es,vT5*M|{R|p`u,mwhetnellp6
908,gyakebovitchp7@prweb.com,"lP5,OKr",tsemarkep7
909,lsatterleyp8@mysql.com,"lS5$""'9KQ",mserjentp8
910,slochetp9@howstuffworks.com,vF9'I6jW=,lmittonp9
911,gstrongitharmpa@discuz.net,bJ2@Q6,bmcgloughlinpa
912,chealepb@qq.com,aI0'J)JO*,aendonpb
913,vcarnpc@vk.com,"qU1""q9'qpK)c",krichardinpc
914,skenrightpd@a8.net,jR8/#MoE,rmatuszynskipd
915,cnottonpe@webnode.com,bN9#*u,tsenoglespe
916,bblackallpf@apache.org,pZ1\as?%M6{,rhubpf
917,svarvellpg@cnn.com,"yY9!F{o@zG,(",svoadenpg
918,sdanfordph@yellowbook.com,"eJ1""fIR%n$",lekellph
919,jlothlorienpi@cloudflare.com,sR7&mJ|,divanitsapi
920,hpenkmanpj@loc.gov,tI2}l=+LS,aveltipj
921,cmayhowpk@123-reg.co.uk,"bG1""|e",cwallheadpk
922,tmckaguepl@slate.com,iL5?/y|&f,vmatschekpl
923,tklemkepm@mysql.com,zV9?)F/nQ,clangwadepm
924,wrueggpn@kickstarter.com,wA0)5jrq>sX,elitherlandpn
925,tcoleshillpo@dailymotion.com,uK3_r&G,aminchindenpo
926,hhimpsonpp@bing.com,kQ1`GM&G,ekestlepp
927,pbenoitpq@tumblr.com,cZ8$S@{,santhonapq
928,mlightenpr@hao123.com,jV9)HphL,zilyuninpr
929,nduligallps@admin.ch,iE7$G4,nbeardowps
930,clemonpt@stanford.edu,aQ8.=(DX/hjr,mstapleypt
931,abyhampu@skyrock.com,aI0&FF'P,ebartelspu
932,aleightonpv@google.nl,qK5~s#=,lpitbladopv
933,ssuggittpw@meetup.com,dL8(ze2$+Gp_,btosneypw
934,kslingerpx@posterous.com,aG3=G'X8{yTE,agatecliffepx
935,gputtergillpy@bigcartel.com,"eB8(""*4wQd",djillittpy
936,cdrohanepz@bloomberg.com,yP5.oM#'#,lboardspz
937,emallardq0@surveymonkey.com,"rA0"".UZ!se0N",cgurdonq0
938,lgerkensq1@istockphoto.com,"fA4,}'j",tdinnegesq1
939,lkunertq2@chronoengine.com,vR7@.JzP/,ccourtq2
940,jmalkinq3@biglobe.ne.jp,dR6|k1wb{,gmckaileq3
941,sbenallackq4@etsy.com,"oN2""m%",ajagelsq4
942,ggeffingerq5@npr.org,dJ7?L?RhZitg,rpetranekq5
943,tcollingwoodq6@wufoo.com,pF8'7`G(,pkeasyq6
944,wlushq7@cnn.com,"mL3{c>4""ea!",hblareq7
945,uboagq8@vk.com,"fP2_Od|mS""O",fsharvillq8
946,gbjerkanq9@purevolume.com,eB9`_q,sduchartq9
947,jsteadmanqa@fema.gov,wY9*l1,fcrixqa
948,phedgeqb@blog.com,bJ0{Rc,cbullochqb
949,rscopynqc@fotki.com,uX7~u&%1IS$,shackforthqc
950,hyakebovichqd@xrea.com,mY8<aicMu4,emccullockqd
951,bmcgeadyqe@auda.org.au,hZ9*t'+,scoultousqe
952,pbodleighqf@yellowbook.com,mL5}Q`XuAD|,vkingsnodeqf
953,jmockfordqg@bbc.co.uk,wB7=p},dbuckenhamqg
954,mcardooqh@ycombinator.com,uD2`4U$~,renneverqh
955,llepoidevinqi@w3.org,"wY9,7x",aewartqi
956,mruleqj@eepurl.com,aT1`73'?P,ahlavacqj
957,ahaseldenqk@people.com.cn,qY9'>b>3ooF,iwilksqk
958,cberniniql@angelfire.com,qZ6\ct<n,edenmanql
959,zbasilqm@smugmug.com,kC4?LQr,aguillondqm
960,cmoyseqn@soundcloud.com,"yU6""smG{",mklimpkeqn
961,cdericutqo@rambler.ru,tO5/NhSG%nef,mgreadyqo
962,igatissqp@unblog.fr,"sD6,fu%10C",cbrimmellqp
963,mgillonqq@etsy.com,zE2_Q_,cbedboroqq
964,tcrollaqr@intel.com,lT1`PX|4@nsx,dcapenorqr
965,cdunkerkqs@wikimedia.org,"tC6!NuN""",lmccaneqs
966,bisbellqt@woothemes.com,nV1{*!+,mcurseyqt
967,ifedorchenkoqu@tripod.com,"hB9#j,?5g",kperesqu
968,cchoffinqv@aboutads.info,hM7'xm,yecclesqv
969,drudledgeqw@xinhuanet.com,"nS9,f,",mqusklayqw
970,vkeetleyqx@tinypic.com,bU1`xVyDS$o,gswofferqx
971,darchbouldqy@unblog.fr,iP9_rbP_A5B,cdurlingqy
972,pgirhardqz@zimbio.com,mD7_8(,rkilgrewqz
973,ylattier0@mac.com,bZ6`k!Ns,lpeinker0
974,emieviller1@yelp.com,cQ8'CJXrmv)4,tgraddellr1
975,legletonr2@opensource.org,zD1@W'z5x,sfernier2
976,lyeseninr3@cdc.gov,xI0~@_p,ecarltonr3
977,tpetrovr4@amazonaws.com,vB8#qTydD+$,gheiblr4
978,zfeldr5@goodreads.com,fP2\|{Lm=,apetticanr5
979,audenr6@ftc.gov,bB9\SdAID,clorrowayr6
980,smccoishr7@intel.com,zV6)4<R7q,abertinr7
981,kjanatar8@admin.ch,dY0(eHDIOJ&,bhuishr8
982,kbertotr9@oaic.gov.au,nR5`HX'k}8,sdungater9
983,jballinghallra@discovery.com,eL4=WD`q&NvX,emoyera
984,evamplusrb@discuz.net,qT2(9**X,bhundallrb
985,lgartanrc@springer.com,zE8$zb,osmalridgerc
986,bvalenciard@utexas.edu,kM9(bZ#S$=HE,icrawcourrd
987,msedcolere@bbb.org,gI9){a,dringwoodre
988,mhampshawrf@skype.com,pL5`S9.v,jmacknishrf
989,crawlynsrg@privacy.gov.au,oE4~DNfn0,eferrarottirg
990,mdurtnalrh@eventbrite.com,"cD0*J$,",dhapkerh
991,lingri@cafepress.com,lQ4%ZPi4w(P,lrideri
992,cvangorj@japanpost.jp,lT8/P?/\3I~},rbroadleyrj
993,rgoodlattrk@mapquest.com,lI1#vuWY4,btomsurk
994,rpetryrl@istockphoto.com,"pJ9)?T>~,$",hbicknellrl
995,sandrejevicrm@technorati.com,"iT9{u""""`",gfewkesrm
996,kabarrowrn@lycos.com,"bF3""HxS=za""$",mmollettrn
997,obencherro@geocities.jp,oL5)%if)55,gturnro
998,ztodarinirp@gov.uk,nM0*F==,avernazzarp
999,ilukasenrq@360.cn,nS1/.7!C6t,whutonrq
1000,osyerrr@forbes.com,xD4&J$HVp0Q,ridarr
